Adam Epling,fake_email@gmail.com,101010
Barry Tice,fake_email@gmail.com
Bryan Bates,fake_email@gmail.com
Christopher Browning,fake_email@gmail.com
Doug Goldstein,fake_email@gmail.com
Emerson Price,fake_email@gmail.com
Eric Ibarra,fake_email@gmail.com,000000
Grant Patten,fake_email@gmail.com
Jason Amos,fake_email@gmail.com
Jeff Strouse,fake_email@gmail.com
Jeremy Zoller,fake_email@gmail.com,FFFFFF
Joe Davis,fake_email@gmail.com
Jon Martin,fake_email@gmail.com
Jordan Frazer,fake_email@gmail.com,111111
Kurt Copley,fake_email@gmail.com
Kyle Banks,fake_email@gmail.com
Matt Gann,fake_email@gmail.com
Matt Hales,fake_email@gmail.com
Max Franks,fake_email@gmail.com
Mia Chung,fake_email@gmail.com
Nirav Patel,fake_email@gmail.com
Robert Cobbs,fake_email@gmail.com
Scott Sansom,fake_email@gmail.com
Terry Bayne,fake_email@gmail.com
Tyler Crumpton,fake_email@gmail.com
